Geography;vae;pve;gee;rqe;rle;cce;Population Density;year;code;health_sp_2019;health_sp_2018;health_sp_2017;government_spending_score;population;obesity;continent;date;total_cases;total_deaths;aged_65_older;total_cases_per_million;total_deaths_per_million;stringency_index;gdp_per_capita;rural_population;tourism;unemployment;idh;escolaridade;institutional_index;percentage_rural_pop;sum_cont_stringency;count_cont_stringency;avg_stringency_index;institutional_index_new
Afghanistan;-1,006792426;-2,655531168;-1,463065028;-1,120689869;-1,713713884;-1,400732994;58,3;2019;AFG;7,6;6,4;5,7;80,3;38041800;5,1;Asia;2020-11-30;46215;1763;2,581;1160,148;44,257;12,04;1803,987;28244500;;10,98;0,511;3,8;-4,150502105;0,74245961;1793,97;30;54,16096386;0,006202733
Armenia;0,055476591;-0,413424373;-0,0666463;0,249007002;-0,130979955;-0,178283751;103,9;2019;ARM;58;53,8;55,8;79;2957700;22,1;Asia;2020-11-30;135124;2164;11,232;45524,991;729,079;;8787,58;1087900;1894000;18,81;0,776;11,7;-0,585918047;0,36781959;1793,97;30;54,16096386;0,442870319
Azerbaijan;-1,529507756;-0,68591243;-0,140170261;-0,226989061;-0,577151537;-0,837992847;120,8;2019;AZE;46,5;48,3;46,7;59,5;9981500;21,7;Asia;2020-11-30;121176;1392;6,018;11852,873;136,159;69,91;15847,419;4633800;3170000;4,84;0,756;10,7;-1,982400782;0,464238842;1793,97;30;54,16096386;0,271798818
Bangladesh;-0,741820931;-0,932975292;-0,74028492;-0,929072618;-0,636377156;-0,993473113;1252,6;2019;BGD;18,3;14,8;12,2;94,5;163046200;4;Asia;2020-11-30;464932;6644;5,098;2795,684;39,951;80,09;3523,984;102058800;323000;4,22;0,632;5,8;-2,414297762;0,625950191;1793,97;30;54,16096386;0,218890707
Bhutan;0,074757986;1,082095861;0,312439144;-0,327337414;0,590358734;1,618379712;20;2019;BTN;65,3;87;78,9;71,6;763100;6,9;Asia;2020-11-30;410;;4,885;525,708;;64,81;8708,597;445600;316000;2,27;0,654;3,1;0,999844998;0,583933954;1793,97;30;54,16096386;0,637128979
China;-1,628118157;-0,256689161;0,517000616;-0,244580179;-0,274603665;-0,2951186;149;2019;CHN;340,1;305,1;266,8;70,1;1398868500;7,7;Asia;2020-11-30;86588;4634;10,641;59,955;3,209;81,94;15308,712;565808400;162538000;4,6;0,761;7,8;-1,218898148;0,40447576;1793,97;30;54,16096386;0,365329185
Fiji;0,021415282;0,777670383;0,199617803;-0,219084874;-0,025181206;0,558968127;48,7;2019;FJI;172,1;183,8;159,6;71,7;890000;31,8;Oceania;2020-11-30;42;2;6,224;46,517;2,215;49,07;8702,975;384900;969000;4,11;0,743;10,8;0,115694425;0,43247191;240,27;7;57,06660377;0,528819036
India;0,26903984;-0,770800412;0,170880944;-0,160943687;-0,03046474;-0,254047185;446,2;2019;IND;10,6;9,6;8,5;77,3;1326619200;4,4;Asia;2020-11-30;9462809;137621;5,989;6791,121;98,766;68,98;6426,674;869199400;17914000;5,27;0,645;6,4;-0,686042223;0,655198869;1793,97;30;54,16096386;0,430604938
Indonesia;0,132109061;-0,493404567;0,182051226;-0,094393574;-0,342421323;-0,416032851;144,1;2019;IDN;56,3;54;48,8;91,4;270625600;8,1;Asia;2020-11-30;538883;16945;5,319;1949,919;61,315;64,35;11188,744;117600300;16107000;3,62;0,718;8;-0,821939477;0,434549799;1793,97;30;54,16096386;0,413957294
Japan;0,931342065;1,031847239;1,586322188;1,327069998;1,538248897;1,467199564;346,1;2019;JPN;3086,7;3032;2993,5;55;126167000;4,7;Asia;2020-11-30;148962;2076;27,049;1181,762;16,47;37,04;39002,223;10473000;31882000;2,4;0,919;12,8;2,858246268;0,083009028;1793,97;30;54,16096386;0,864786283
Kazakhstan;-1,230226874;-0,168488279;0,124096215;0,136964887;-0,432169378;-0,305190027;6,8;2019;KAZ;197,7;167;197,5;83,7;18395600;22,6;Asia;2020-11-30;174563;2477;6,991;9189,965;130,403;69,91;24055,588;7822700;8515000;4,8;0,825;11,8;-1,129054348;0,425248429;1793,97;30;54,16096386;0,376335202
Malaysia;-0,049003709;0,143876836;0,997467577;0,673268259;0,59161371;0,252059162;99;2019;MYS;262,9;239,6;219,5;83,2;32523000;17,1;Asia;2020-11-30;65697;360;6,293;2004,412;10,984;80,09;26808,164;7390300;26101000;3,31;0,81;10,2;0,706289785;0,227233035;1793,97;30;54,16096386;0,601167968
Maldives;-0,463341206;0,032002181;-0,196180224;-0,479336858;-0,410215229;-0,262827486;1769,9;2019;MDV;35,9;35,4;33,1;60,8;531000;9,6;Asia;2020-11-30;13011;46;4,12;23933,998;84,618;;15183,616;317300;1703000;5,82;0,74;6,3;-1,135802023;0,597551789;1793,97;30;54,16096386;0,375508601
Mongolia;0,323754072;0,634378731;-0,195434153;-0,011855099;-0,266189814;-0,429029167;2,1;2019;MNG;79,6;63,5;63,3;63,1;3225200;20,9;Asia;2020-11-30;801;;4,031;240,592;;85,19;11840,846;1014500;637000;5,31;0,737;10,1;-0,462774864;0,314554136;1793,97;30;54,16096386;0,457955568
Myanmar;-0,857258737;-1,328067183;-1,149439931;-0,760788918;-1,063034415;-0,614939034;82,8;2019;MMR;15,5;14,1;12,3;85,4;54045400;6,3;Asia;2020-11-30;90713;1941;5,732;1655,165;35,416;79,63;5591,597;37371300;4364000;0,5;0,583;4,9;-2,714387029;0,691479756;1793,97;30;54,16096386;0,182129263
Nepal;-0,151117116;-0,453802615;-1,045521259;-0,701212466;-0,535384715;-0,673982084;199,6;2019;NPL;18,9;17,7;13,7;83,7;28608700;4,1;Asia;2020-11-30;233452;1508;5,809;7866,98;50,817;60,19;2442,804;22843200;1197000;2,85;0,602;4,9;-1,879866254;0,798470395;1793,97;30;54,16096386;0,284359472
Pakistan;-0,86280936;-2,265187025;-0,677135587;-0,644115686;-0,667431474;-0,866627336;280,9;2019;PAK;2,2;1,8;1,6;87,6;216565300;8,8;Asia;2020-11-30;400482;8091;4,495;1778,34;35,928;64,35;5034,708;128441800;;3,98;0,557;5,2;-2,729549922;0,593085781;1793,97;30;54,16096386;0,180271783
Papua New Guinea;0,093347594;-0,697371066;-0,809174836;-0,542677879;-0,801253855;-0,991485298;19,4;2019;PNG;32,6;30,9;26;89,1;8776100;20,9;Oceania;2020-11-30;656;7;3,808;71,938;0,768;37,96;3823,194;7613300;211000;2,37;0,555;4,6;-1,972847523;0,867503789;240,27;7;57,06660377;0,272969109
Philippines;0,006508442;-0,915112436;0,052008402;0,008369118;-0,476983458;-0,573050499;362,6;2019;PHL;36,2;33;29,7;88,7;108116600;6,8;Asia;2020-11-30;431630;8392;4,803;3886,916;75,572;68,98;7599,188;51721300;8261000;2,24;0,718;9,3;-1,157255727;0,478384448;1793,97;30;54,16096386;0,372880486
Samoa;0,77880162;1,157788515;0,43515414;-0,224663898;1,079298377;0,639852107;69,6;2019;WSM;166,7;157,9;162,6;62,3;197100;47,4;Oceania;2020-11-30;2;;5,606;9,993;;;6021,557;161500;181000;8,22;0,715;10,3;1,149196784;0,819381025;240,27;7;57,06660377;0,655424826
Solomon Islands;0,489839196;0,508222222;-0,999316156;-0,832089067;-0,139209732;-0,007193675;23,9;2019;SLB;96,7;111,9;115,8;36,5;669800;22,2;Oceania;2020-11-30;17;;3,507;24,148;;36,11;2205,923;507700;;0,6;0,567;5,5;-0,868835088;0,757987459;240,27;7;57,06660377;0,408212503
Sri Lanka;-0,088478222;-0,217622802;-0,11433927;-0,184431434;-0,01188005;-0,289158702;344,7;2019;LKA;60,1;55;50;88,3;21323700;6,1;Asia;2020-11-30;23987;118;10,069;1115,814;5,489;49,54;11669,077;17360700;2027000;4,27;0,782;10,9;-0,764725246;0,814150452;1793,97;30;54,16096386;0,420966135
Thailand;-0,84680748;-0,483683407;0,356567055;0,116497502;0,103169434;-0,41137436;136,3;2019;THA;99,4;93,1;85,3;85,8;69625600;12,2;Asia;2020-11-30;4008;60;11,373;57,297;0,858;50;16277,671;34333400;39916000;0,72;0,777;7,6;-0,816938415;0,493114602;1793,97;30;54,16096386;0,414569933
Uzbekistan;-1,65318501;-0,284819692;-0,514126718;-0,99222517;-1,048055768;-1,025923133;74,9;2019;UZB;42,6;31,8;21,7;67,4;32981700;16,9;Asia;2020-11-30;73094;610;4,469;2153,893;17,975;39,81;6253,104;16341900;6749000;5,65;0,72;11,5;-2,653555497;0,495483859;1793,97;30;54,16096386;0,189581229
Vanuatu;0,680369496;1,021924138;-0,547638059;-0,460593075;0,17900908;-0,258958757;24,6;2019;VUT;122,8;99,1;111,5;54,1;299900;25,2;Oceania;2020-11-30;1;;4,394;3,18;;30,56;2921,909;223700;256000;1,69;0,609;6,8;-0,254328112;0,745915305;240,27;7;57,06660377;0,483490648
Australia;1,267441392;0,911745727;1,571555257;1,873689413;1,734472513;1,825412989;3,3;2019;AUS;3874,2;3586,1;3508,8;60,1;25365700;32,1;Oceania;2020-11-30;27912;908;15,504;1082,355;35,21;64,35;44648,71;3519000;9466000;5,16;0,944;12,9;3,405879567;0,138730648;240,27;7;57,06660377;0,93187229
New Zealand;1,535292029;1,411302328;1,670557261;1,881057024;1,885100603;2,17017436;18,8;2019;NZL;3021,6;2658,9;2497,6;50,4;4941200;33,7;Oceania;2020-11-30;2059;25;15,322;423,607;5,143;22,22;36085,843;662200;3888000;4,07;0,931;12,5;3,944118193;0,134016028;240,27;7;57,06660377;0,997807433
Albania;0,142710745;0,11116863;-0,062213201;0,273867726;-0,411093265;-0,533088803;105,1;2019;ALB;170,1;157,1;144,6;73,9;2880900;23,9;Europe;2020-11-30;38182;810;13,188;13290,246;281,942;65,74;11803,431;1117000;6406000;11,47;0,795;10;-0,648323815;0,387726058;2018,06;32;52,7317284;0,435225507
Belarus;-1,407982826;0,332389116;-0,184353247;-0,543224156;-0,794349313;-0,037544653;46,5;2019;BLR;261;231,3;206,2;41,3;9429300;27,5;Europe;2020-11-30;136647;1158;14,799;14470,923;122,632;37,04;17167,967;2036700;11832000;4,71;0,823;12,3;-1,467791482;0,215996946;2018,06;32;52,7317284;0,33483933
Bulgaria;0,355639696;0,578860998;0,263389736;0,531100154;-0,006326791;-0,139916241;64,5;2019;BGR;489,2;450,1;408,4;63,9;7000000;28,9;Europe;2020-11-30;145300;4035;20,801;21068,185;585,066;53,7;18563,307;1840900;12552000;4,23;0,816;11,8;0,191143478;0,262985714;2018,06;32;52,7317284;0,538061673
Croatia;0,455314666;0,694699943;0,459212482;0,590643287;0,395375401;0,0820259;72;2019;HRV;1035,8;959,5;872,1;33,4;4076200;28,5;Europe;2020-11-30;128442;1786;19,724;31468,102;437,567;47,22;22669,797;1742500;60021000;6,62;0,851;11,3;0,654159376;0,427481478;2018,06;32;52,7317284;0,594781905
Estonia;1,181097984;0,633256257;1,174427509;1,59125483;1,281483412;1,561715364;30,5;2019;EST;1245,4;1155,2;1028;51,1;1324800;24,4;Europe;2020-11-30;12308;118;19,452;9287,739;89,044;43,52;29481,252;418700;6103000;4,45;0,892;12,7;2,67467786;0,316047705;2018,06;32;52,7317284;0,842298842
Georgia;0,16872023;-0,488382638;0,828739882;1,121731877;0,310437739;0,700719237;53,6;2019;GEO;104,7;98,5;92;73,6;3723500;24,8;Asia;2020-11-30;135584;1267;14,864;34068,275;318,36;84,26;9745,079;1539000;7726000;11,57;0,812;12,8;0,758588609;0,4133208;1793,97;30;54,16096386;0,607574663
Hungary;0,343976438;0,772158086;0,496053159;0,6035496;0,526654005;0,060096134;107,1;2019;HUN;738,5;675,9;619,1;31,7;9772800;30,1;Europe;2020-11-30;217122;4823;18,577;22536,677;500,614;72,22;26777,561;2885600;61397000;3,42;0,854;11,9;0,70928574;0,2952685;2018,06;32;52,7317284;0,601534978
Latvia;0,857149065;0,443465203;1,104713202;1,192788959;1,014090538;0,511726141;30,9;2019;LVA;735,6;705,3;567,2;57,1;1920000;26,2;Europe;2020-11-30;17075;206;19,754;9146,012;110,341;53,7;25063,846;604800;8342000;6,31;0,866;12,8;1,702947236;0,315;2018,06;32;52,7317284;0,723260194
Lithuania;0,99637568;0,779812694;1,043069243;1,157464623;1,023039103;0,698381543;44,6;2019;LTU;1215,6;1084,7;954,2;65,1;2794200;29;Europe;2020-11-30;61311;620;19,002;22793,363;230,495;57,41;29524,265;918800;6150000;6,26;0,882;13;1,91788932;0,328823993;2018,06;32;52,7317284;0,749590964
Poland;0,673171759;0,563653529;0,534801006;1,013398647;0,431260377;0,642129183;125,5;2019;POL;729,1;669,6;622,5;48,8;38411100;26,9;Europe;2020-11-30;990811;17150;16,763;26214,012;453,74;75;27216,445;15295000;88515000;3,28;0,88;12,3;1,163199623;0,398192189;2018,06;32;52,7317284;0,657140197
Serbia;-0,046222627;-0,065950118;0,048476152;0,132152274;-0,162167385;-0,389200956;79,6;2019;SRB;386,5;348,1;321,2;45,1;6963800;24,7;Europe;2020-11-30;175438;1604;17,366;25395,529;232,187;60,19;14048,881;3045100;1847000;10,4;0,806;11,1;-0,612563936;0,437275625;2018,06;32;52,7317284;0,439606153
Slovenia;0,979030728;0,807429194;1,081090689;1,008930206;1,118610501;0,922138453;103,3;2019;SVN;1739,1;1658,1;1574,6;38,3;2080900;23,6;Europe;2020-11-30;75814;1435;19,062;36471,43;690,328;87,04;31400,84;939900;4702000;4,45;0,917;12,2;2,021272982;0,451679562;2018,06;32;52,7317284;0,762255637
Ukraine;0,023889901;-1,423575878;-0,297046959;-0,259233117;-0,698275626;-0,755923569;72,5;2019;UKR;114,6;103,2;89,7;46,9;41983600;26,8;Europe;2020-11-30;752343;12731;16,462;17308,443;292,89;61,57;7894,393;12963500;13710000;8,19;0,779;11,3;-1,763109659;0,308775331;2018,06;32;52,7317284;0,298662353
Argentina;0,574006081;-0,091444202;-0,086998366;-0,493229538;-0,430634171;-0,07628762;16,3;2019;ARG;185,7;130,6;106,4;49,5;44539700;30;South America;2020-11-30;1424533;38730;11,198;31235,77;849,234;79,17;18933,907;3435200;7399000;9,84;0,845;9,9;-0,682336537;0,077126698;383,81;6;55,1917757;0,431058891
Barbados;1,102872372;1,049227476;0,631136179;0,412350893;0,357047945;1,196289182;667,5;2019;BRB;432;478,1;521,4;65;287000;25,9;North America;2020-11-30;276;7;14,952;959,306;24,33;40,74;16978,068;197600;966000;10,1;0,814;10,6;1,503194299;0,688501742;751,84;13;55,3749;0,698790121
Belize;0,505617321;0,063038863;-0,67762661;-0,544413209;-0,775239825;-0,195777729;17,1;2019;BLZ;127,4;122,6;126,8;65,9;390400;24;North America;2020-11-30;5854;148;3,853;14457,355;365,509;72,22;7824,362;211300;1674000;6,46;0,716;10,5;-1,132438063;0,541239754;751,84;13;55,3749;0,375920692
Brazil;0,297465771;-0,713788211;-0,186902717;-0,178450927;-0,180635229;-0,336589485;25,1;2019;BRA;148,8;143;135,7;55,2;210147100;23,8;South America;2020-11-30;6335878;173120;8,552;29607,814;808,997;60,65;14103,452;29035100;6353000;11,93;0,765;7,8;-0,918749355;0,138165599;383,81;6;55,1917757;0,40209792
Chile;0,991149783;0,007929708;1,060289383;1,223730803;1,074586272;1,066971183;25,5;2019;CHL;691,1;656,2;621,7;81;18952000;30,4;South America;2020-11-30;551743;15410;11,087;28718,124;802,088;76,39;22767,037;1866000;5431000;7,29;0,851;10,3;1,876013857;0,098459266;383,81;6;55,1917757;0,744461149
Colombia;0,204845503;-0,949501574;0,070711903;0,396563739;-0,416837841;-0,236333862;45,4;2019;COL;218,3;224;179,3;75;50339400;23,4;South America;2020-11-30;1316806;36766;7,646;25685,836;717,164;60,19;13254,949;9512100;4529000;9,96;0,767;8,3;-0,751113847;0,188959344;383,81;6;55,1917757;0,422633554
Costa Rica;1,096335769;0,45229286;0,42255947;0,497144371;0,544549525;0,702769935;98,8;2019;CRI;126,4;105,5;100,3;88,4;5043300;27,8;North America;2020-11-30;139638;1726;9,468;27171,932;335,86;55,56;15524,995;1015900;3366000;11,49;0,81;8,8;1,101127272;0,201435568;751,84;13;55,3749;0,649536229
Dominican Republic;0,177400187;0,005306914;-0,358090967;-0,054175172;-0,347593755;-0,766019583;222,3;2019;DOM;120;113,8;114,1;90,3;10739000;29;North America;2020-11-30;143988;2331;6,981;13145,131;212,805;64,81;14600,861;1954500;7550000;6,36;0,756;7,8;-1,007690217;0,182000186;751,84;13;55,3749;0,391202514
El Salvador;0,114175513;-0,106418103;-0,465418339;0,021559967;-0,762336552;-0,555038691;311,5;2019;SLV;142,5;138,6;131,9;86,3;6453600;23,5;North America;2020-11-30;38941;1114;8,273;5973,92;170,898;47,22;7292,458;1758900;2639000;3,96;0,673;6,9;-1,172463773;0,272545556;751,84;13;55,3749;0,371017474
Guatemala;-0,335470945;-0,573592246;-0,67697829;-0,224676281;-1,052348971;-0,900723279;158,6;2019;GTM;53,2;49,3;46,5;95,6;16991000;19,7;North America;2020-11-30;122062;4171;4,694;6688,377;228,55;49,54;7423,808;8249600;2560000;2,36;0,663;6,5;-1,973004527;0,485527632;751,84;13;55,3749;0,272949876
Jamaica;0,614289105;0,397309542;0,493984103;0,167547449;-0,312455356;-0,072717644;272,2;2019;JAM;169,8;163,6;150;76;2948300;25,7;North America;2020-11-30;10763;257;9,684;3619,686;86,431;71,3;8193,571;1297700;4233000;7,72;0,734;9,8;0,067687716;0,440151952;751,84;13;55,3749;0,522938133
Mexico;0,007971453;-0,836903393;-0,156786993;0,103778169;-0,658005357;-0,826934516;64,7;2019;MEX;113,2;110,1;103,1;78,2;125792600;29,6;North America;2020-11-30;1113543;105940;6,857;8548,472;813,283;71,76;17336,469;24781200;97406000;3,48;0,779;8,6;-1,3755809;0,197000459;751,84;13;55,3749;0,346135282
Nicaragua;-1,095419884;-1,004793763;-0,770851433;-0,688932657;-1,175733209;-1,096854329;54,4;2019;NIC;91,8;90,7;90,4;79,1;6545500;23,2;North America;2020-11-30;5784;160;5,445;862,977;23,872;8,33;5321,444;2699400;1455000;5,14;0,66;6,7;-2,771134684;0,412405469;751,84;13;55,3749;0,175177579
Panama;0,595181704;0,303619921;0,064511821;0,361236662;-0,118743606;-0,582232654;57,2;2019;PAN;309,8;296,4;297,3;85,3;4246400;24,1;North America;2020-11-30;165806;3079;7,918;37841,575;702,714;58,33;22267,037;1356400;2494000;4,74;0,815;10,2;-0,219954966;0,319423512;751,84;13;55,3749;0,487701417
Paraguay;0,058215838;-0,01034852;-0,534344256;-0,204202592;-0,556474924;-0,830877364;17,7;2019;PRY;83,8;74,1;67,5;78,9;7044600;20,5;South America;2020-11-30;82424;1756;6,378;11416,634;243,225;63,89;8827,01;2685500;4368000;6,6;0,728;8,4;-1,314503462;0,38121398;383,81;6;55,1917757;0,353617372
Trinidad and Tobago;0,598372042;0,100833662;0,099170357;-0,151111141;-0,11989715;-0,203445122;271,9;2019;TTO;393,2;390,2;397,2;61,9;1395000;21,4;North America;2020-11-30;6669;120;10,014;4752,119;85,508;65,74;28763,071;653000;480000;3,46;0,796;10,9;-0,309570593;0,468100358;751,84;13;55,3749;0,476723351
Uruguay;1,22734189;1,038879156;0,694980323;0,508236587;0,621715367;1,250806212;19,6;2019;URY;268,6;244;222,3;67,5;3438600;30,1;South America;2020-11-30;5857;77;14,655;1680,558;22,094;43,52;20551,409;157300;3480000;9,35;0,817;8,7;1,753728824;0,045745361;383,81;6;55,1917757;0,729481025
Algeria;-1,056199312;-1,044342637;-0,51639986;-1,303446531;-0,815708339;-0,621148527;18,1;2019;DZA;97,5;98,6;94,1;48,7;43053100;29,1;Africa;2020-11-30;83199;2431;6,211;1864,753;54,486;72,22;13913,839;11666600;2371000;11,81;0,748;8;-2,535166602;0,270981648;1101,38;25;58,95397727;0,204084069
Angola;-0,783532202;-0,358524978;-1,117539883;-0,894037485;-1,054597378;-1,054450631;25,5;2019;AGO;14;13,1;12,6;80,7;31825300;7,5;Africa;2020-11-30;15139;348;2,405;446,136;10,255;57,41;5819,495;10764300;218000;6,93;0,581;5,1;-2,591610491;0,338230904;1101,38;25;58,95397727;0,197169597
Bahrain;-1,429294705;-0,627359509;0,298490554;0,485153407;0,494427353;-0,009647691;1902,3;2019;BHR;1040,3;1021,8;920,5;62,7;1483800;33,5;Asia;2020-11-30;86956;341;2,372;49737,601;195,047;54,63;43290,705;157300;11061000;1,56;0,852;9,4;-0,597245562;0,106011592;1793,97;30;54,16096386;0,44148268
Botswana;0,499961823;1,111055136;0,428257465;0,369284213;0,498901457;0,690525651;4,1;2019;BWA;179,2;178,9;192,1;65,9;2303700;17,2;Africa;2020-11-30;10742;34;3,941;4480,986;14,183;50,93;15807,374;687100;;17,21;0,735;9,3;1,03363144;0,298259322;1101,38;25;58,95397727;0,641267875
Burkina Faso;-0,202751324;-1,302386522;-0,758757353;-0,376548231;-0,426168144;-0,200055182;74,3;2019;BFA;12,4;11,8;9;80;20321400;5,2;Africa;2020-11-30;2886;68;2,409;134,251;3,163;22,22;1703,102;14229000;143000;4,62;0,452;1,5;-1,672780833;0,700197821;1101,38;25;58,95397727;0,309727787
Burundi;-1,72348702;-1,615158916;-1,326444745;-0,94897306;-1,432129264;-1,457848668;449;2019;BDI;7,6;6,6;6,2;83,3;11530600;5;Africa;2020-11-30;688;1;2,562;56,138;0,082;14,81;702,225;9989400;;1,42;0,433;3;-3,828980504;0,866338265;1101,38;25;58,95397727;0,045589674
Central African Republic;-1,219375014;-2,138271809;-1,746932626;-1,372842312;-1,728578329;-1,228475094;7,6;2019;CAF;0,9;0,9;0,7;94,2;4745200;6,9;Africa;2020-11-30;4913;63;3,655;998,58;12,805;20,37;661,24;2763100;;4,04;0,397;4,3;-4,201135963;0,582293686;1101,38;25;58,95397727;0
Equatorial Guinea;-1,878096581;-0,156219751;-1,343200088;-1,519899964;-1,422766328;-1,722102761;48,3;2019;GNQ;15,8;20,6;21,5;67,6;1356000;8,7;Africa;2020-11-30;5153;85;2,846;3554,06;58,625;;22604,873;371200;;7,95;0,592;5,5;-3,739651876;0,273746313;1101,38;25;58,95397727;0,056532583
Ethiopia;-1,064604878;-1,305072784;-0,634380758;-0,888867378;-0,473381251;-0,406142384;99,2;2019;ETH;5,4;4;2,7;90,4;112078700;4,1;Africa;2020-11-30;110074;1706;3,526;933,81;14,473;51,85;1729,927;88290000;812000;2,04;0,485;2,7;-2,259075777;0,787750036;1101,38;25;58,95397727;0,237905663
Ghana;0,557907462;0,134411946;-0,210643277;-0,111198008;0,047335755;-0,098088808;133,7;2019;GHA;20,9;18,3;16,5;82;30417900;10,6;Africa;2020-11-30;51667;323;3,385;1628,224;10,179;38,89;4227,63;13168800;;4,12;0,611;7,1;-0,305071604;0,432929295;1101,38;25;58,95397727;0,477274484
Israel;0,66013968;-0,793371558;1,325324774;1,281104684;1,047763944;0,806350052;418,4;2019;ISR;1729,9;1665;1631,8;52,4;9054000;27,6;Asia;2020-11-30;337191;2872;11,733;38361,728;326,743;65,74;33132,32;679000;4905000;3,8;0,919;13;1,48457947;0,074994478;1793,97;30;54,16096386;0,696509773
Jordan;-0,69459033;-0,261968076;0,09867201;0,034222044;0,144241869;0,10829325;113,4;2019;JOR;125,1;123,9;120,2;73,4;10069800;35,6;Asia;2020-11-30;219430;2751;3,81;21368,15;267,893;81,48;8337,49;885800;5361000;16,85;0,729;10,4;-0,572601612;0,087965997;1793,97;30;54,16096386;0,444501605
Kenya;-0,312648177;-1,101751328;-0,383390188;-0,276963383;-0,454225928;-0,78654933;92,4;2019;KEN;10,4;9,9;9,9;77,8;52574000;6,7;Africa;2020-11-30;83618;1469;2,686;1520,723;26,716;51,85;2993,028;38101600;2049000;2,6;0,601;6,5;-1,724705186;0,724723247;1101,38;25;58,95397727;0,303366966
Kuwait;-0,65525496;0,192640528;0,018212369;0,064949997;0,215660945;-0,132192448;248;2019;KWT;2192,2;1933,2;1749;17,3;4420100;41,4;Asia;2020-11-30;142635;880;2,345;32952,12;203,301;71,3;65530,537;;8565000;2,41;0,806;7,3;-0,501405946;;1793,97;30;54,16096386;0,453223195
Lebanon;-0,515475273;-1,672520995;-0,833451807;-0,425266981;-0,858331859;-1,136340141;670,2;2019;LBN;13,1;14,2;12;75,6;6855700;33,1;Asia;2020-11-30;127944;1018;8,514;18901,041;150,388;87,04;13367,565;770700;1936000;6,04;0,744;8,7;-2,584197616;0,112417404;1793,97;30;54,16096386;0,198077687
Lesotho;0,005987803;-0,421510428;-0,832648158;-0,535386384;-0,380215794;-0,048972048;70;2019;LSO;52,5;48,9;44,6;33;2125300;14,1;Africa;2020-11-30;2109;44;4,506;976,811;20,379;47,22;2851,153;1517800;1142000;23,86;0,527;6,3;-1,300532702;0,714158001;1101,38;25;58,95397727;0,355328814
Liberia;-0,072140813;-0,331433684;-1,37494266;-0,978984058;-0,995262325;-0,89062053;51,3;2019;LBR;20,6;16,3;12,9;62,1;4937400;9,6;Africa;2020-11-30;1598;83;3,057;308,482;16,023;57,41;752,788;2388900;;2,89;0,48;4,7;-2,36419866;0,483837647;1101,38;25;58,95397727;0,225027932
Madagascar;-0,243063197;-0,320696473;-1,142614841;-0,729891539;-1,008889437;-1,012780428;46,4;2019;MDG;3,9;4,1;3,2;91,8;26969300;5,1;Africa;2020-11-30;17341;251;2,929;610,011;8,83;37,04;1416,44;16758500;486000;1,67;0,528;6,1;-2,285597291;0,621391731;1101,38;25;58,95397727;0,234656732
Mauritius;0,780709505;0,809275508;0,870399117;0,996108651;0,764258504;0,295512378;625,5;2019;MUS;284,1;237,3;229,2;80,3;1269700;12,3;Africa;2020-11-30;504;10;10,945;395,782;7,853;16,67;20292,745;752100;1418000;6,36;0,804;9,3;1,412085134;0,592344648;1101,38;25;58,95397727;0,687629094
Morocco;-0,647309422;-0,339893311;-0,11948017;-0,21154207;-0,135382265;-0,289089799;81,7;2019;MAR;34,8;34;33,3;72,7;36471800;27,5;Africa;2020-11-30;356336;5846;6,769;9541,787;156,541;66,2;7485,013;13497600;13109000;9,01;0,686;5,5;-1,079274802;0,370083188;1101,38;25;58,95397727;0,382433281
Mozambique;-0,542991638;-0,749242008;-0,823048294;-0,724597752;-1,020236135;-0,807224393;38,6;2019;MOZ;12,9;13,6;12,4;66,9;30366000;6,4;Africa;2020-11-30;15701;131;3,158;488,169;4,073;56,48;1136,103;19273900;2033000;3,19;0,456;3,5;-2,316741373;0,634719752;1101,38;25;58,95397727;0,23084153
Namibia;0,516042113;0,529649496;0,09591531;-0,109371066;0,310466886;0,355157077;3;2019;NAM;169,6;165,8;171,2;48,9;2494500;15,7;Africa;2020-11-30;14380;151;3,552;5557,823;58,361;37,96;9541,808;1221300;1651000;19,75;0,646;6,8;0,26896742;0,489597114;1101,38;25;58,95397727;0,547595237
Nigeria;-0,434532255;-1,920183301;-1,088862658;-0,860919118;-0,898061633;-1,101317883;220,7;2019;NGA;17;15,8;13,5;96,5;200963600;8,8;Africa;2020-11-30;67557;1173;2,751;319,568;5,549;50,93;5338,454;98173000;;8,53;0,539;6,2;-2,925844173;0,488511352;1101,38;25;58,95397727;0,156225405
Oman;-1,154325724;0,587534428;0,259041101;0,292498827;0,554466903;0,452600271;14,9;2019;OMN;402;392,5;382,1;32,5;4617900;29,3;Asia;2020-11-30;123699;1423;2,355;23681,81;272,429;42,59;37960,709;672200;3506000;1,84;0,813;9,5;0,062598866;0,145564001;1793,97;30;54,16096386;0,52231474
Qatar;-1,307917595;0,700104177;0,704913795;0,679398119;0,734421909;0,849382341;243,6;2019;QAT;919,7;863,3;921,9;56,8;2799200;41,6;Asia;2020-11-30;138833;237;1,307;47374,804;80,873;64,81;116935,6;22700;2136500;0,12;0,848;9,8;0,651004937;0,00810946;1793,97;30;54,16096386;0,59439548
Senegal;0,235598236;0,04654783;-0,0581013;-0,112386622;-0,190491796;0,038779087;84,6;2019;SEN;12,2;11;10,7;73,3;16296400;7,8;Africa;2020-11-30;16089;333;3,008;935,608;19,365;30,56;2470,58;8530700;;6,47;0,512;3;-0,432821649;0,523471442;1101,38;25;58,95397727;0,461624887
Sierra Leone;-0,119431801;-0,052844841;-1,126063585;-0,881893933;-0,766220808;-0,432152838;108,2;2019;SLE;9,8;8,8;8,4;84,4;7813200;8,4;Africa;2020-11-30;2412;74;2,538;296,266;9,089;40,74;1390,3;4493800;71000;4,36;0,452;3,5;-1,830708569;0,575154866;1101,38;25;58,95397727;0,290381372
South Africa;0,643621683;-0,267670423;0,367656112;0,156192899;-0,076162301;0,072930865;48,3;2019;ZAF;62,1;57,2;54,3;67,6;58558300;28;Africa;2020-11-30;790004;21535;5,344;13157,524;358,666;44,44;12294,876;19409900;14797000;28,47;0,709;10,1;-0,036164208;0,331462833;1101,38;25;58,95397727;0,510216096
Tunisia;0,256517023;-0,869923055;-0,102949157;-0,437443674;0,062479645;-0,085506245;75,3;2019;TUN;48,3;43,6;39,9;74,4;11692700;29;Africa;2020-11-30;96769;3260;8,001;8107,483;273,129;68,52;10849,297;3594600;9429000;15,13;0,74;7,2;-0,834286473;0,30742258;1101,38;25;58,95397727;0,412444766
Uganda;-0,644357979;-0,691217363;-0,585465789;-0,374283671;-0,314339042;-1,169366479;220,8;2019;UGA;8,5;7,2;8;88,7;44269600;4,7;Africa;2020-11-30;20459;205;2,168;434,157;4,35;53,7;1697,707;33485100;;1,72;0,544;6,1;-1,941965686;0,75639039;1101,38;25;58,95397727;0,276752186
United Arab Emirates;-1,140149117;0,685608506;1,376890659;0,979413986;0,840346038;1,10667336;133,8;2019;ARE;729,1;735;1005,4;68,8;9503700;38,1;Asia;2020-11-30;168860;572;1,144;16901,071;57,251;49,07;67293,483;1191900;21553000;2,28;0,89;10,8;1,27717568;0,125414312;1793,97;30;54,16096386;0,671102457
Zambia;-0,308347195;-0,113846861;-0,675578535;-0,5538131;-0,461957216;-0,644526064;24;2019;ZMB;28,8;24,2;19,5;80,1;17861000;7,2;Africa;2020-11-30;17647;357;2,48;932,684;18,868;45,37;3689,251;9989300;1266000;11,91;0,584;7;-1,55861421;0,559279996;1101,38;25;58,95397727;0,323713392
Zimbabwe;-1,159892201;-0,959749341;-1,204820395;-1,462589741;-1,257262349;-1,236825466;37,9;2019;ZWE;15,3;18,7;25,3;74,5;14645500;12,7;Africa;2020-11-30;9950;276;2,822;659,282;18,288;67,59;1899,775;9928200;2294000;5,02;0,571;8,2;-3,376297761;0,677901062;1101,38;25;58,95397727;0,101044077
Canada;1,431914687;1,01676774;1,73129344;1,716236472;1,760273457;1,767163515;4,2;2019;CAN;2489,5;2439,2;2381,1;51,3;37593400;32,9;North America;2020-11-30;382708;12239;16,984;10053,296;321,504;70,83;44017,591;6963700;32430000;5,66;0,929;13,3;3,490683878;0,185237302;751,84;13;55,3749;0,942260962
USA;0,903805017;0,134975299;1,48884511;1,345472336;1,461360335;1,215634108;36,1;2019;USA;5442,3;5200,1;4939,5;57,1;330123100;39,1;North America;2020-11-30;13681218;270827;15,413;41095,219;813,502;75,46;54225,446;58417100;166009000;3,67;0,926;13,4;2,3579608;0,176955505;751,84;13;55,3749;0,803500465
Austria;1,338795304;0,916747928;1,527736902;1,459237099;1,904161811;1,557737708;107,4;2019;AUT;4225,4;4073,5;3934,4;24,5;8858800;23,2;Europe;2020-11-30;282456;3184;19,202;31234,519;352,093;82,41;45436,686;3674200;31884000;4,49;0,922;12,1;3,200866934;0,414751434;2018,06;32;52,7317284;0,906757895
Belgium;1,310243368;0,473777533;1,148131728;1,291109085;1,374089956;1,485346675;377,5;2019;BEL;3645,9;3549,6;3428,7;15,2;11431400;25,6;Europe;2020-11-30;577345;16645;18,571;49632,774;1430,925;63,89;42658,576;224000;9343000;5,36;0,931;11,8;2,540874868;0,01959515;2018,06;32;52,7317284;0,825907749
Cyprus;1,04861331;0,557369947;0,99218154;1,012434125;0,760008574;0,630676806;129,7;2019;CYP;582,9;612;492,6;55,2;1198600;23,7;Europe;2020-11-30;10383;48;13,416;11588,105;53,571;65,74;32415,132;397900;4117000;7,07;0,887;12,1;1,632397805;0,331970632;2018,06;32;52,7317284;0,714617769
Denmark;1,545237541;0,995625198;1,910211086;1,565141201;1,876799226;2,161118507;145,2;2019;DNK;4942,5;4919,9;4827,4;14,4;5806100;22,3;Europe;2020-11-30;81002;837;19,677;13933,905;143,98;45,37;46682,515;697100;32903000;5,02;0,94;12,6;3,770421597;0,120063382;2018,06;32;52,7317284;0,976529306
Finland;1,56490612;0,851656735;2,006594181;1,851163507;2,058016062;2,153199673;18,2;2019;FIN;3490,8;3401,1;3287,5;7,2;5517900;26,1;Europe;2020-11-30;24912;399;21,228;4489,975;71,913;46,76;40585,721;802800;3290000;6,7;0,938;12,4;3,962016449;0,145490132;2018,06;32;52,7317284;1
France;1,116437674;0,29938224;1,372140288;1,440411925;1,407694578;1,283251286;118,7;2019;FRA;3361,7;3284,2;3254,6;3,9;64988200;24,4;Europe;2020-11-30;2276830;52818;19,718;33698,738;781,745;75;38605,671;12536400;211998000;8,44;0,901;11,5;2,488251768;0,192902712;2018,06;32;52,7317284;0,81946133
Germany;1,355591178;0,574308574;1,531162262;1,723189831;1,620687485;1,903284311;237,6;2019;DEU;3477,5;3337,2;3221,3;42,3;83019200;27;Europe;2020-11-30;1069912;16694;21,453;12752,157;198,974;67,59;45229,245;18775000;39563000;3,14;0,947;14,1;3,229026985;0,226152504;2018,06;32;52,7317284;0,910207549
Greece;0,812400281;0,181738213;0,349024355;0,52993691;0,183785155;0,043117832;83,2;2019;GRC;1054,6;1042;1007,6;23,3;10724600;28,6;Europe;2020-11-30;105271;2406;20,396;10150,763;231,999;78,7;24574,382;2210800;34005000;17,31;0,888;10,8;0,425682602;0,206142886;2018,06;32;52,7317284;0,566793113
Iceland;1,303974032;1,639300942;1,517939806;1,373100042;1,767259002;1,708176136;3,4;2019;ISL;5397,4;5075;4534,6;44;339000;24,2;Europe;2020-11-30;5392;26;14,431;15703,635;75,722;52,78;46482,958;20800;2202000;3,51;0,949;12,4;3,404493018;0,061356932;2018,06;32;52,7317284;0,931702435
Ireland;1,305089474;0,96638912;1,291791558;1,602041841;1,383474469;1,494598866;71,2;2019;IRL;4038,2;3924,7;3665,7;77,4;4904200;28,9;Europe;2020-11-30;72544;2053;13,928;14558,579;412,009;81,48;67335,293;1743800;10951000;4,95;0,955;12,5;2,90316564;0,355572774;2018,06;32;52,7317284;0,870288982
Italy;0,906643748;0,40438509;0,483174384;0,95505017;0,303281367;0,264569908;200,9;2019;ITA;2321,3;2280,3;2250,7;26,5;59816700;23,9;Europe;2020-11-30;1601554;55576;23,021;26530,083;920,628;82,41;35220,084;17502900;95399000;9,95;0,892;10,2;0,91963079;0,29260892;2018,06;32;52,7317284;0,627302602
Luxembourg;1,493552446;1,349190593;1,733295798;1,700020313;1,793766856;2,112312317;253,4;2019;LUX;5516,8;5346,5;5220;46,6;615700;25,4;Europe;2020-11-30;34678;321;14,312;54627,025;505,66;60,19;94277,965;54000;1041000;5,6;0,916;12,1;3,79360276;0,087705051;2018,06;32;52,7317284;0,979369038
Malta;1,081704974;1,02458334;0,858118594;0,955732524;0,952384651;0,239903465;1376,2;2019;MLT;2060,5;1841,6;1604;56,1;440400;32,1;Europe;2020-11-30;9873;137;19,426;19187,118;266,245;52,78;36513,323;23400;3519000;3,4;0,895;11,3;1,633004436;0,053133515;2018,06;32;52,7317284;0,714692083
Netherlands;1,48545599;0,847549617;1,803272367;1,86122787;1,777760029;1,906102777;513,3;2019;NLD;4031;3897,4;3732,3;42,9;17282200;24,4;Europe;2020-11-30;531930;9453;18,779;30974,616;550,454;56,48;48472,545;1412800;20129000;3,38;0,944;12,2;3,612438537;0,081748851;2018,06;32;52,7317284;0,957176114
Norway;1,655280709;1,170564771;1,861934543;1,804199815;1,985299587;2,073592663;14,6;2019;NOR;6131,2;5826,9;5595,4;25,3;5328200;26,1;Europe;2020-11-30;36150;332;16,821;6614,06;60,743;56,02;64800,057;926600;5879000;3,69;0,957;12,6;3,955739894;0,173904883;2018,06;32;52,7317284;0,999231111
Portugal;1,196465731;1,066230536;1,168681502;0,969835103;1,138517737;0,778424621;112,2;2019;PRT;1475,2;1425,1;1353;35,6;10276600;24,5;Europe;2020-11-30;298061;4505;21,502;29313,853;443,06;75;27936,896;3518800;17174000;6,46;0,864;9,2;2,154212329;0,342408968;2018,06;32;52,7317284;0,778540933
Spain;1,037761688;0,310685813;1,001175284;1,050283313;1,025826097;0,698955595;93,9;2019;ESP;1857,3;1786,3;1702,5;46,2;46937100;28,5;Europe;2020-11-30;1648187;45069;19,436;35258,949;964,142;71,3;34272,36;9121800;126170000;14,1;0,904;9,8;1,712407966;0,194340937;2018,06;32;52,7317284;0,72441915
Sweden;1,560975313;1,039472699;1,709257245;1,801819921;1,832538962;2,131290197;25,1;2019;SWE;3695,1;3622,8;3437,9;26,7;10230200;23,2;Europe;2020-11-30;243129;6681;19,985;23929,645;657,568;64,81;46949,283;1258000;7616000;6,83;0,945;12,4;3,769032555;0,122969248;2018,06;32;52,7317284;0,976359146
Switzerland;1,497048736;1,32495296;1,951758146;1,664614797;1,907008171;1,983491302;216,2;2019;CHE;1889,4;1874,1;1859,9;64,8;8544500;22,3;Europe;2020-11-30;327072;5053;18,436;37527,649;579,772;57,41;57410,166;2232000;11818000;4,39;0,955;13,4;3,856272731;0,261220668;2018,06;32;52,7317284;0,987046215
Turkey;-0,834299862;-1,371727586;0,047889322;-0,007641004;-0,282656252;-0,308261365;106,5;2019;TUR;395,3;340,4;289,1;65,1;82003900;34;Asia;2020-11-30;638847;13746;8,153;7512,07;161,636;66,2;25129,341;19984300;51747000;13,67;0,82;8;-1,422691612;0,243699385;1793,97;30;54,16096386;0,34036414
United Kingdom;1,261398792;0,53973186;1,48273766;1,62598598;1,60670197;1,78597486;275,5;2019;GBR;3205,3;3106;3025,2;48,2;66647100;31,2;Europe;2020-11-30;1633736;58545;18,517;23952,575;858,342;67,59;39753,244;10896600;40857000;3,74;0,932;12,9;3,063203647;0,163496986;2018,06;32;52,7317284;0,889893909
